Richard,N,Darrow,5570 Isabella Ave,St. Louis,IL,58540,whddn528@gmail.com
Barack,G,Donnelly,7844 S. Greenwood Ave,Houston,CA,38635,whddn528@gmail.com
Ann,Z,Benes,2447 S. Greenwood Ave,Las Vegas,NY,55366,whddn528@gmail.com
Laura,s,Minella,8177 4th Street,Dallas,FL,04119,whddn528@gmail.com
Erica,Z,Gates,3141 Farnam Street,Omaha,CA,57640,whddn528@gmail.com
Warren,L,Darrow,4686 Mt. Lee Drive,St. Louis,NY,94935,whddn528@gmail.com
Warren,M,Williams,6670 S. Greenwood Ave,Hollywood,FL,37288,whddn528@gmail.com
Harry,T,Smith,3273 Isabella Ave,Houston,FL,97261,whddn528@gmail.com
Steve,O,James,8407 Infinite Loop Drive,Las Vegas,WA,90520,whddn528@gmail.com
Erica,Z,Neuberger,513 S. Greenwood Ave,Miami,IL,12778,whddn528@gmail.com
Aimee,C,Hoover,7341 Vel Avenue,Mobile,AL,35928,whddn528@gmail.com
Jonas,U,Gilbert,8852 In St.,Saint Paul,MN,57321,whddn528@gmail.com
Regan,M,Darrow,4851 Nec Av.,Gulfport,MS,33193,whddn528@gmail.com
Stuart,K,Mckenzie,5529 Orci Av.,Nampa,ID,18562,whddn528@gmail.com
Sydnee,N,Robinson,894 Ornare. Ave,Olathe,KS,25606,whddn528@gmail.com